ilan_id,portfoy_tipi,ilan_turu,mahalle,oda_sayisi,metrekare,fiyat,onceki_fiyat,ilan_tarihi,son_fiyat_guncelleme,durum,fiyat_m2,ilan_yasi_gun,fiyat_degisimi_yuzde,portfoy_oncelik_skoru
TRS-00001,Daire,Kiralık,Gaziler,2+1,117,11000,12000,2026-07-21,2026-07-30,Aktif,94.02,27,-8.33,17.3
TRS-00002,Daire,Satılık,Yeni Mahalle,1+1,184,6547000,7206000,2026-03-03,2026-06-24,Aktif,35581.52,167,-9.15,49.2
TRS-00003,Müstakil Ev,Satılık,Yeni Mahalle,5+1,278,9160000,9160000,2026-07-08,,Aktif,32949.64,40,0.0,23.3
TRS-00004,Daire,Kiralık,Yeşil Mahalle,3+1,79,8300,8300,2026-03-15,,Aktif,105.06,155,0.0,50.0
TRS-00005,Müstakil Ev,Satılık,Yeni Mahalle,2+1,196,6952000,7748000,2026-03-09,2026-07-01,Aktif,35469.39,161,-10.27,50.3
TRS-00006,Daire,Kiralık,Yeni Mahalle,2+1,75,10800,10800,2026-05-11,,Aktif,144.0,98,0.0,42.7
TRS-00007,Daire,Kiralık,Yeşil Mahalle,3+1,108,10500,11000,2026-02-23,2026-05-31,Aktif,97.22,175,-4.55,44.6
TRS-00008,Daire,Kiralık,Bahçe,2+1,124,13700,13700,2026-08-02,,Aktif,110.48,15,0.0,15.0
TRS-00009,Villa,Kiralık,Yeni Mahalle,3+1,228,24900,27000,2026-03-24,2026-07-07,Aktif,109.21,146,-7.78,47.8
TRS-00010,Daire,Satılık,Kızılmurat,3+1,118,3016000,3467000,2026-04-29,2026-06-26,Aktif,25559.32,110,-13.01,49.7
TRS-00011,Daire,Satılık,Şahin,1+1,67,1816000,1954000,2026-07-07,2026-07-20,Aktif,27104.48,41,-7.06,20.7
TRS-00012,Ofis,Kiralık,Eski Yol,1+0,171,14200,14000,2026-07-18,2026-07-30,Aktif,83.04,30,1.43,10.0
TRS-00013,Daire,Kiralık,Yeşil Mahalle,4+1,95,6000,6000,2026-06-10,2026-07-25,Aktif,63.16,68,0.0,22.7
TRS-00014,Villa,Satılık,Akşemsettin,4+1,199,6601000,6257000,2026-03-31,2026-06-10,Aktif,33170.85,139,5.5,40.0
TRS-00015,Daire,Kiralık,Kızılmurat,2+1,133,8000,8000,2026-03-24,2026-08-06,Aktif,60.15,146,0.0,40.0
TRS-00016,Müstakil Ev,Satılık,Reşadiye,5+1,268,6966000,6966000,2026-07-05,,Aktif,25992.54,43,0.0,24.3
TRS-00017,Daire,Satılık,Eski Yol,2+1,193,4350000,4950000,2026-05-06,2026-05-25,Aktif,22538.86,103,-12.12,46.5
TRS-00018,Daire,Satılık,Kızılmurat,3+1,71,1400000,1400000,2026-03-28,,Aktif,19718.31,142,0.0,50.0
TRS-00019,Daire,Satılık,Bahçe,1+1,113,3758000,3758000,2026-05-24,,Aktif,33256.64,85,0.0,38.3
TRS-00020,Daire,Kiralık,Bahçe,2+1,109,12300,12000,2026-03-23,2026-07-16,Aktif,112.84,147,2.5,40.0
TRS-00021,Daire,Kiralık,Bahçe,4+1,145,13700,15000,2026-08-03,2026-08-06,Aktif,94.48,14,-8.67,13.3
TRS-00022,Villa,Satılık,Yeşil Mahalle,3+1,223,5621000,5621000,2026-04-24,,Aktif,25206.28,115,0.0,48.3
TRS-00023,Daire,Satılık,Şahin,4+1,74,2515000,2515000,2026-03-29,,Aktif,33986.49,141,0.0,50.0
TRS-00024,Villa,Satılık,Reşadiye,3+1,397,8726000,7968000,2026-04-14,2026-06-26,Aktif,21979.85,125,9.51,40.0
TRS-00025,Ofis,Kiralık,Yeni Mahalle,2+0,146,17400,19000,2026-03-27,2026-06-15,Aktif,119.18,143,-8.42,48.4
TRS-00026,Daire,Satılık,Yeni Mahalle,1+1,135,3982000,4561000,2026-04-16,2026-06-10,Aktif,29496.3,123,-12.69,52.7
TRS-00027,Dükkan,Satılık,Gaziler,1+0,192,8107000,7456000,2026-06-17,2026-06-17,Aktif,42223.96,61,8.73,20.3
TRS-00028,Daire,Satılık,Eski Yol,3+1,162,3909000,4212000,2026-06-25,2026-07-27,Aktif,24129.63,53,-7.19,24.9
TRS-00029,Daire,Satılık,Akşemsettin,4+1,57,1643000,1792000,2026-03-25,2026-08-07,Aktif,28824.56,145,-8.31,48.3
TRS-00030,Dükkan,Satılık,Şahin,2+0,102,3342000,3838000,2026-04-26,2026-07-09,Aktif,32764.71,113,-12.92,50.6
TRS-00031,Daire,Kiralık,Reşadiye,2+1,81,5400,6000,2026-07-20,2026-08-12,Aktif,66.67,28,-10.0,19.3
TRS-00032,Daire,Kiralık,Yeşil Mahalle,4+1,184,13800,13800,2026-08-03,,Aktif,75.0,14,0.0,14.7
TRS-00033,Villa,Satılık,Mithatpaşa,4+1,160,4829000,4559000,2026-03-06,2026-07-27,Aktif,30181.25,164,5.92,40.0
TRS-00034,Daire,Satılık,Mithatpaşa,2+1,74,1887000,1953000,2026-05-14,2026-07-29,Aktif,25500.0,95,-3.38,35.0
TRS-00035,Dükkan,Satılık,Yeşil Mahalle,1+0,131,4100000,4100000,2026-02-27,,Aktif,31297.71,171,0.0,50.0
TRS-00036,Dükkan,Kiralık,Reşadiye,3+0,198,14100,14000,2026-06-17,2026-06-26,Aktif,71.21,61,0.71,20.3
TRS-00037,Daire,Kiralık,Yeni Mahalle,2+1,160,16500,16500,2026-02-18,,Aktif,103.12,180,0.0,50.0
TRS-00038,Dükkan,Satılık,Yeni Mahalle,2+0,91,3460000,3460000,2026-06-19,,Aktif,38021.98,59,0.0,29.7
TRS-00039,Daire,Kiralık,Bahçe,3+1,72,6600,7000,2026-04-08,2026-06-09,Aktif,91.67,131,-5.71,45.7
TRS-00040,Daire,Kiralık,Akşemsettin,1+1,64,6400,7000,2026-05-20,2026-07-07,Aktif,100.0,89,-8.57,38.2
TRS-00041,Daire,Satılık,Gaziler,1+1,120,4454000,4625000,2026-08-16,2026-08-16,Aktif,37116.67,1,-3.7,4.0
TRS-00042,Daire,Satılık,Yeşil Mahalle,3+1,131,3548000,3736000,2026-05-25,2026-07-10,Aktif,27083.97,84,-5.03,33.0
TRS-00043,Daire,Satılık,Mithatpaşa,3+1,212,5153000,5153000,2026-08-16,,Aktif,24306.6,1,0.0,10.3
TRS-00044,Daire,Kiralık,Bahçe,4+1,174,16800,16000,2026-06-23,2026-06-27,Aktif,96.55,55,5.0,18.3
TRS-00045,Daire,Kiralık,Şahin,3+1,186,15000,14000,2026-06-17,2026-08-02,Aktif,80.65,61,7.14,20.3
TRS-00046,Daire,Kiralık,Yeni Mahalle,1+1,211,24500,26000,2026-03-08,2026-05-19,Aktif,116.11,162,-5.77,45.8
TRS-00047,Daire,Satılık,Şahin,4+1,82,2279000,2598000,2026-02-19,2026-08-10,Aktif,27792.68,179,-12.28,52.3
TRS-00048,Daire,Kiralık,Gaziler,3+1,190,28300,32000,2026-04-25,2026-06-13,Aktif,148.95,114,-11.56,49.6
TRS-00049,Dükkan,Kiralık,Kızılmurat,2+0,155,16400,16400,2026-03-06,,Aktif,105.81,164,0.0,50.0
TRS-00050,Daire,Satılık,Reşadiye,4+1,125,2412000,2412000,2026-06-04,,Aktif,19296.0,74,0.0,34.7
TRS-00051,Daire,Satılık,Yeşil Mahalle,2+1,90,2095000,2095000,2026-02-20,,Aktif,23277.78,178,0.0,50.0
TRS-00052,Daire,Kiralık,Bahçe,4+1,139,13200,12000,2026-06-25,2026-07-23,Aktif,94.96,53,10.0,17.7
TRS-00053,Dükkan,Kiralık,Yeni Mahalle,1+0,162,27800,31000,2026-06-01,2026-06-24,Aktif,171.6,77,-10.32,36.0
TRS-00054,Dükkan,Kiralık,Eski Yol,2+0,96,7600,7000,2026-08-09,2026-08-10,Aktif,79.17,8,8.57,2.7
TRS-00055,Ofis,Satılık,Şahin,3+0,130,4290000,4290000,2026-08-10,,Aktif,33000.0,7,0.0,12.3
TRS-00056,Daire,Kiralık,Mithatpaşa,1+1,101,7500,7500,2026-05-25,,Aktif,74.26,84,0.0,38.0
TRS-00057,Daire,Kiralık,Yeşil Mahalle,4+1,126,9500,11000,2026-07-27,2026-07-30,Aktif,75.4,21,-13.64,20.6
TRS-00058,Daire,Satılık,Bahçe,2+1,62,1625000,1804000,2026-08-11,2026-08-15,Aktif,26209.68,6,-9.92,11.9
TRS-00059,Dükkan,Kiralık,Eski Yol,2+0,219,20800,19000,2026-07-05,2026-08-09,Aktif,94.98,43,9.47,14.3
TRS-00060,Daire,Satılık,Akşemsettin,4+1,134,3578000,3578000,2026-06-27,,Aktif,26701.49,51,0.0,27.0
TRS-00061,Daire,Kiralık,Bahçe,1+1,208,24300,27000,2026-03-25,2026-07-03,Aktif,116.83,145,-10.0,50.0
TRS-00062,Daire,Kiralık,Gaziler,4+1,58,8100,9000,2026-07-20,2026-08-05,Aktif,139.66,28,-10.0,19.3
TRS-00063,Daire,Kiralık,Şahin,4+1,212,21800,21800,2026-03-18,,Aktif,102.83,152,0.0,50.0
TRS-00064,Villa,Satılık,Bahçe,4+1,231,6774000,7001000,2026-04-20,2026-05-23,Aktif,29324.68,119,-3.24,42.9
TRS-00065,Daire,Satılık,Yeşil Mahalle,3+1,145,3513000,3836000,2026-03-17,2026-07-12,Aktif,24227.59,153,-8.42,48.4
TRS-00066,Daire,Kiralık,Bahçe,2+1,180,19900,18000,2026-03-04,2026-06-20,Aktif,110.56,166,10.56,40.0
TRS-00067,Daire,Satılık,Bahçe,3+1,133,3850000,3850000,2026-04-03,,Aktif,28947.37,136,0.0,50.0
TRS-00068,Daire,Kiralık,Reşadiye,3+1,124,8200,9000,2026-07-17,2026-08-06,Aktif,66.13,31,-8.89,19.2
TRS-00069,Daire,Kiralık,Şahin,3+1,125,16700,16700,2026-06-28,,Aktif,133.6,50,0.0,26.7
TRS-00070,Daire,Satılık,Yeşil Mahalle,2+1,191,4517000,4296000,2026-08-03,2026-08-05,Aktif,23649.21,14,5.14,4.7
TRS-00071,Daire,Satılık,Kızılmurat,3+1,201,4689000,4689000,2026-04-26,,Aktif,23328.36,113,0.0,47.7
TRS-00072,Daire,Kiralık,Yeni Mahalle,1+1,84,9400,11000,2026-07-29,2026-08-15,Aktif,111.9,19,-14.55,20.9
TRS-00073,Daire,Satılık,Akşemsettin,4+1,85,2438000,2438000,2026-03-11,,Aktif,28682.35,159,0.0,50.0
TRS-00074,Daire,Kiralık,Reşadiye,4+1,131,9000,9000,2026-03-11,,Aktif,68.7,159,0.0,50.0
TRS-00075,Dükkan,Satılık,Gaziler,1+0,200,7328000,7328000,2026-07-27,,Aktif,36640.0,21,0.0,17.0
TRS-00076,Daire,Satılık,Şahin,4+1,55,1663000,1854000,2026-03-17,2026-08-12,Aktif,30236.36,153,-10.3,50.3
TRS-00077,Daire,Satılık,Kızılmurat,2+1,122,2803000,2803000,2026-03-30,,Aktif,22975.41,140,0.0,50.0
TRS-00078,Dükkan,Satılık,Şahin,1+0,58,1817000,1699000,2026-05-30,2026-06-05,Aktif,31327.59,79,6.95,26.3
TRS-00079,Daire,Kiralık,Kızılmurat,4+1,124,9600,9600,2026-03-16,,Aktif,77.42,154,0.0,50.0
TRS-00080,Müstakil Ev,Kiralık,Mithatpaşa,2+1,106,7700,8000,2026-02-25,2026-06-04,Aktif,72.64,173,-3.75,43.8
TRS-00081,Daire,Satılık,Akşemsettin,4+1,175,5531000,6023000,2026-07-01,2026-07-20,Aktif,31605.71,47,-8.17,23.8
TRS-00082,Daire,Kiralık,Gaziler,3+1,140,18200,18200,2026-07-06,,Aktif,130.0,42,0.0,24.0
TRS-00083,Daire,Kiralık,Kızılmurat,1+1,195,15300,15300,2026-05-28,,Aktif,78.46,81,0.0,37.0
TRS-00084,Ofis,Kiralık,Gaziler,1+0,161,21800,23000,2026-03-31,2026-08-10,Aktif,135.4,139,-5.22,45.2
TRS-00085,Daire,Satılık,Kızılmurat,3+1,107,2565000,2941000,2026-06-04,2026-06-15,Aktif,23971.96,74,-12.78,37.4
TRS-00086,Müstakil Ev,Satılık,Eski Yol,2+1,179,3828000,3828000,2026-07-24,,Aktif,21385.47,24,0.0,18.0
TRS-00087,Daire,Satılık,Gaziler,2+1,220,7618000,8288000,2026-06-03,2026-07-13,Aktif,34627.27,75,-8.08,33.1
TRS-00088,Daire,Satılık,Kızılmurat,2+1,153,4127000,3806000,2026-04-08,2026-07-30,Aktif,26973.86,131,8.43,40.0
TRS-00089,Daire,Kiralık,Mithatpaşa,3+1,55,5300,6000,2026-03-19,2026-05-24,Aktif,96.36,151,-11.67,51.7
TRS-00090,Daire,Kiralık,Reşadiye,4+1,196,14700,16000,2026-05-26,2026-07-17,Aktif,75.0,83,-8.12,35.8
TRS-00091,Daire,Kiralık,Mithatpaşa,4+1,152,16700,15000,2026-03-03,2026-06-14,Aktif,109.87,167,11.33,40.0
TRS-00092,Daire,Satılık,Eski Yol,1+1,167,3540000,3540000,2026-04-22,,Aktif,21197.6,117,0.0,49.0
TRS-00093,Daire,Satılık,Şahin,4+1,74,2494000,2494000,2026-06-10,,Aktif,33702.7,68,0.0,32.7
TRS-00094,Daire,Kiralık,Mithatpaşa,4+1,191,20600,19000,2026-03-09,2026-06-15,Aktif,107.85,161,8.42,40.0
TRS-00095,Daire,Kiralık,Gaziler,1+1,113,12900,12000,2026-07-22,2026-07-25,Aktif,114.16,26,7.5,8.7
TRS-00096,Dükkan,Satılık,Akşemsettin,1+0,123,3638000,3994000,2026-05-13,2026-07-16,Aktif,29577.24,96,-8.91,40.9
TRS-00097,Daire,Satılık,Şahin,4+1,211,6753000,7329000,2026-06-16,2026-07-10,Aktif,32004.74,62,-7.86,28.5
TRS-00098,Daire,Satılık,Akşemsettin,3+1,174,5107000,5107000,2026-07-07,,Aktif,29350.57,41,0.0,23.7
TRS-00099,Ofis,Kiralık,Yeşil Mahalle,3+0,138,10900,10900,2026-05-31,,Aktif,78.99,78,0.0,36.0
TRS-00100,Dükkan,Satılık,Mithatpaşa,2+0,100,2959000,2959000,2026-03-22,,Aktif,29590.0,148,0.0,50.0
TRS-00101,Daire,Kiralık,Akşemsettin,1+1,125,12300,12000,2026-02-22,2026-08-10,Aktif,98.4,176,2.5,40.0
TRS-00102,Müstakil Ev,Satılık,Akşemsettin,4+1,255,6380000,6134000,2026-06-29,2026-07-04,Aktif,25019.61,49,4.01,16.3
TRS-00103,Daire,Satılık,Şahin,4+1,134,3464000,3208000,2026-05-15,2026-08-05,Aktif,25850.75,94,7.98,31.3
TRS-00104,Daire,Satılık,Mithatpaşa,3+1,193,4898000,4778000,2026-06-08,2026-07-15,Aktif,25378.24,70,2.51,23.3
TRS-00105,Müstakil Ev,Kiralık,Akşemsettin,5+1,129,15400,15000,2026-07-11,2026-08-02,Aktif,119.38,37,2.67,12.3
TRS-00106,Ofis,Kiralık,Mithatpaşa,2+0,53,3400,3400,2026-04-01,,Aktif,64.15,138,0.0,50.0
TRS-00107,Daire,Kiralık,Yeşil Mahalle,4+1,204,21100,21100,2026-05-13,,Aktif,103.43,96,0.0,42.0
TRS-00108,Daire,Kiralık,Bahçe,2+1,211,22800,25000,2026-03-07,2026-05-19,Aktif,108.06,163,-8.8,48.8
TRS-00109,Daire,Satılık,Şahin,4+1,132,3527000,3790000,2026-06-17,2026-08-08,Aktif,26719.7,61,-6.94,27.3
TRS-00110,Daire,Satılık,Reşadiye,1+1,161,4044000,4345000,2026-03-12,2026-07-12,Aktif,25118.01,158,-6.93,46.9
TRS-00111,Daire,Satılık,Kızılmurat,1+1,147,4035000,4349000,2026-05-14,2026-05-26,Aktif,27448.98,95,-7.22,38.9
TRS-00112,Ofis,Kiralık,Bahçe,3+0,53,4600,5000,2026-03-06,2026-08-14,Aktif,86.79,164,-8.0,48.0
TRS-00113,Müstakil Ev,Satılık,Şahin,3+1,117,3704000,3704000,2026-06-18,,Aktif,31658.12,60,0.0,30.0
TRS-00114,Müstakil Ev,Satılık,Şahin,3+1,170,6098000,6098000,2026-03-31,,Aktif,35870.59,139,0.0,50.0
TRS-00115,Daire,Satılık,Şahin,1+1,88,2575000,2668000,2026-06-17,2026-08-15,Aktif,29261.36,61,-3.49,23.8
TRS-00116,Daire,Satılık,Mithatpaşa,4+1,176,4839000,5533000,2026-04-07,2026-06-20,Aktif,27494.32,132,-12.54,52.5
TRS-00117,Müstakil Ev,Kiralık,Yeni Mahalle,2+1,217,19300,21000,2026-04-16,2026-06-23,Aktif,88.94,123,-8.1,48.1
TRS-00118,Daire,Satılık,Kızılmurat,2+1,137,2751000,2560000,2026-06-07,2026-06-07,Aktif,20080.29,71,7.46,23.7
TRS-00119,Daire,Kiralık,Eski Yol,4+1,184,10200,10200,2026-02-18,,Aktif,55.43,180,0.0,50.0
TRS-00120,Müstakil Ev,Satılık,Reşadiye,5+1,210,5363000,5363000,2026-05-03,,Aktif,25538.1,106,0.0,45.3
TRS-00121,Daire,Satılık,Kızılmurat,4+1,135,2979000,3238000,2026-06-12,2026-07-28,Aktif,22066.67,66,-8.0,30.0
TRS-00122,Villa,Satılık,Gaziler,3+1,270,11149000,12763000,2026-05-13,2026-06-06,Aktif,41292.59,96,-12.65,44.6
TRS-00123,Daire,Satılık,Reşadiye,3+1,160,4068000,3857000,2026-04-30,2026-08-10,Aktif,25425.0,109,5.47,36.3
TRS-00124,Daire,Satılık,Yeşil Mahalle,4+1,94,2182000,2447000,2026-07-20,2026-07-30,Aktif,23212.77,28,-10.83,20.2
TRS-00125,Daire,Kiralık,Eski Yol,1+1,198,15100,16000,2026-03-01,2026-07-13,Aktif,76.26,169,-5.62,45.6
TRS-00126,Dükkan,Kiralık,Akşemsettin,1+0,41,5400,6000,2026-03-25,2026-08-08,Aktif,131.71,145,-10.0,50.0
TRS-00127,Daire,Satılık,Yeni Mahalle,4+1,151,5179000,4896000,2026-07-07,2026-07-27,Aktif,34298.01,41,5.78,13.7
TRS-00128,Dükkan,Satılık,Gaziler,3+0,80,2697000,2697000,2026-07-27,,Aktif,33712.5,21,0.0,17.0
TRS-00129,Daire,Kiralık,Mithatpaşa,3+1,161,11600,11600,2026-04-07,,Aktif,72.05,132,0.0,50.0
TRS-00130,Daire,Kiralık,Mithatpaşa,3+1,189,12000,13000,2026-05-07,2026-08-09,Aktif,63.49,102,-7.69,41.7
TRS-00131,Müstakil Ev,Kiralık,Bahçe,4+1,174,13600,15000,2026-04-11,2026-07-25,Aktif,78.16,128,-9.33,49.3
TRS-00132,Daire,Kiralık,Bahçe,4+1,73,8800,9000,2026-08-06,2026-08-09,Aktif,120.55,11,-2.22,5.9
TRS-00133,Daire,Kiralık,Eski Yol,4+1,218,13800,13800,2026-05-05,,Aktif,63.3,104,0.0,44.7
TRS-00134,Daire,Kiralık,Yeşil Mahalle,1+1,147,12400,12400,2026-07-20,,Aktif,84.35,28,0.0,19.3
TRS-00135,Daire,Satılık,Eski Yol,3+1,156,3553000,3553000,2026-06-21,,Aktif,22775.64,57,0.0,29.0
TRS-00136,Daire,Satılık,Şahin,2+1,190,6652000,6113000,2026-05-19,2026-05-26,Aktif,35010.53,90,8.82,30.0
TRS-00137,Daire,Satılık,Şahin,2+1,209,6998000,6998000,2026-03-02,,Aktif,33483.25,168,0.0,50.0
TRS-00138,Daire,Kiralık,Kızılmurat,3+1,199,19400,19400,2026-03-09,,Aktif,97.49,161,0.0,50.0
TRS-00139,Daire,Kiralık,Kızılmurat,3+1,216,20300,20300,2026-03-18,,Aktif,93.98,152,0.0,50.0
TRS-00140,Daire,Kiralık,Reşadiye,1+1,170,9800,9800,2026-06-04,,Aktif,57.65,74,0.0,34.7
TRS-00141,Daire,Kiralık,Gaziler,1+1,173,19900,22000,2026-03-23,2026-07-06,Aktif,115.03,147,-9.55,49.6
TRS-00142,Daire,Kiralık,Yeni Mahalle,2+1,76,6700,7000,2026-04-26,2026-06-10,Aktif,88.16,113,-4.29,42.0
TRS-00143,Dükkan,Kiralık,Yeşil Mahalle,2+0,144,16000,17000,2026-08-03,2026-08-06,Aktif,111.11,14,-5.88,10.5
TRS-00144,Daire,Kiralık,Reşadiye,2+1,119,8300,9000,2026-03-20,2026-07-03,Aktif,69.75,150,-7.78,47.8
TRS-00145,Daire,Satılık,Mithatpaşa,4+1,134,3530000,3920000,2026-05-24,2026-06-10,Aktif,26343.28,85,-9.95,38.3
TRS-00146,Daire,Kiralık,Reşadiye,2+1,134,13000,15000,2026-05-21,2026-06-15,Aktif,97.01,88,-13.33,42.7
TRS-00147,Daire,Satılık,Şahin,1+1,184,5971000,5971000,2026-03-11,,Aktif,32451.09,159,0.0,50.0
TRS-00148,Daire,Satılık,Mithatpaşa,2+1,214,5780000,5650000,2026-08-05,2026-08-06,Aktif,27009.35,12,2.3,4.0
TRS-00149,Daire,Kiralık,Eski Yol,2+1,114,7300,8000,2026-04-18,2026-07-23,Aktif,64.04,121,-8.75,48.8
TRS-00150,Daire,Kiralık,Kızılmurat,4+1,152,15500,14000,2026-06-26,2026-08-08,Aktif,101.97,52,10.71,17.3
TRS-00151,Dükkan,Satılık,Kızılmurat,3+0,222,6740000,6740000,2026-06-05,,Aktif,30360.36,73,0.0,34.3
TRS-00152,Daire,Satılık,Şahin,1+1,166,5883000,6078000,2026-06-21,2026-06-21,Aktif,35439.76,57,-3.21,22.2
TRS-00153,Daire,Kiralık,Yeni Mahalle,4+1,115,17600,17600,2026-05-13,,Aktif,153.04,96,0.0,42.0
TRS-00154,Dükkan,Kiralık,Yeşil Mahalle,1+0,242,19300,20000,2026-06-04,2026-06-17,Aktif,79.75,74,-3.5,28.2
TRS-00155,Daire,Satılık,Kızılmurat,1+1,75,1621000,1691000,2026-07-09,2026-07-09,Aktif,21613.33,39,-4.14,17.1
TRS-00156,Daire,Satılık,Akşemsettin,2+1,67,1803000,1695000,2026-03-10,2026-08-02,Aktif,26910.45,160,6.37,40.0
TRS-00157,Daire,Satılık,Reşadiye,3+1,91,2002000,2222000,2026-03-12,2026-06-04,Aktif,22000.0,158,-9.9,49.9
TRS-00158,Daire,Kiralık,Gaziler,1+1,72,8000,8000,2026-04-18,,Aktif,111.11,121,0.0,50.0
TRS-00159,Ofis,Kiralık,Mithatpaşa,2+0,34,3600,3600,2026-05-20,,Aktif,105.88,89,0.0,39.7
TRS-00160,Müstakil Ev,Kiralık,Gaziler,2+1,134,14500,14000,2026-05-22,2026-07-25,Aktif,108.21,87,3.57,29.0
TRS-00161,Daire,Satılık,Kızılmurat,4+1,71,1409000,1409000,2026-06-26,,Aktif,19845.07,52,0.0,27.3
TRS-00162,Dükkan,Kiralık,Bahçe,3+0,119,12900,12000,2026-03-30,2026-08-12,Aktif,108.4,140,7.5,40.0
TRS-00163,Dükkan,Satılık,Yeşil Mahalle,2+0,207,5628000,5468000,2026-05-14,2026-06-26,Aktif,27188.41,95,2.93,31.7
TRS-00164,Daire,Satılık,Mithatpaşa,4+1,182,4363000,4363000,2026-04-06,,Aktif,23972.53,133,0.0,50.0
TRS-00165,Müstakil Ev,Satılık,Gaziler,3+1,210,7388000,7388000,2026-05-26,,Aktif,35180.95,83,0.0,37.7
TRS-00166,Daire,Kiralık,Yeşil Mahalle,4+1,169,12000,12000,2026-04-25,2026-08-11,Aktif,71.01,114,0.0,38.0
TRS-00167,Ofis,Kiralık,Eski Yol,1+0,44,3600,4000,2026-05-05,2026-05-22,Aktif,81.82,104,-10.0,44.7
TRS-00168,Daire,Kiralık,Eski Yol,2+1,63,3400,3000,2026-03-04,2026-06-28,Aktif,53.97,166,13.33,40.0
TRS-00169,Daire,Kiralık,Şahin,4+1,150,18100,18100,2026-03-23,,Aktif,120.67,147,0.0,50.0
TRS-00170,Daire,Kiralık,Yeşil Mahalle,1+1,118,7500,7000,2026-06-30,2026-07-23,Aktif,63.56,48,7.14,16.0
TRS-00171,Müstakil Ev,Satılık,Akşemsettin,4+1,256,7554000,7554000,2026-04-13,,Aktif,29507.81,126,0.0,50.0
TRS-00172,Dükkan,Kiralık,Şahin,3+0,84,9800,11000,2026-07-25,2026-08-06,Aktif,116.67,23,-10.91,18.6
TRS-00173,Daire,Kiralık,Reşadiye,2+1,95,8500,8500,2026-04-08,,Aktif,89.47,131,0.0,50.0
TRS-00174,Müstakil Ev,Satılık,Bahçe,2+1,226,6288000,7144000,2026-03-23,2026-06-07,Aktif,27823.01,147,-11.98,52.0
TRS-00175,Daire,Kiralık,Gaziler,4+1,189,25800,25800,2026-03-22,,Aktif,136.51,148,0.0,50.0
TRS-00176,Daire,Kiralık,Yeşil Mahalle,3+1,174,12000,11000,2026-03-28,2026-07-24,Aktif,68.97,142,9.09,40.0
TRS-00177,Dükkan,Satılık,Reşadiye,3+0,71,1623000,1623000,2026-07-05,,Aktif,22859.15,43,0.0,24.3
TRS-00178,Daire,Kiralık,Bahçe,3+1,75,6200,6200,2026-03-28,,Aktif,82.67,142,0.0,50.0
TRS-00179,Daire,Satılık,Akşemsettin,2+1,183,5223000,5223000,2026-03-21,,Aktif,28540.98,149,0.0,50.0
TRS-00180,Müstakil Ev,Kiralık,Eski Yol,2+1,244,20800,20800,2026-08-09,,Aktif,85.25,8,0.0,12.7
TRS-00181,Daire,Satılık,Eski Yol,4+1,201,4394000,4685000,2026-08-09,2026-08-12,Aktif,21860.7,8,-6.21,8.9
TRS-00182,Villa,Kiralık,Bahçe,4+1,236,19600,19600,2026-08-01,,Aktif,83.05,16,0.0,15.3
TRS-00183,Daire,Satılık,Mithatpaşa,2+1,142,3338000,3039000,2026-05-27,2026-07-03,Aktif,23507.04,82,9.84,27.3
TRS-00184,Daire,Satılık,Yeşil Mahalle,2+1,136,3445000,3668000,2026-06-09,2026-07-29,Aktif,25330.88,69,-6.08,29.1
TRS-00185,Dükkan,Kiralık,Mithatpaşa,1+0,103,12000,11000,2026-03-22,2026-07-23,Aktif,116.5,148,9.09,40.0
TRS-00186,Daire,Kiralık,Reşadiye,1+1,182,10700,11000,2026-05-08,2026-07-17,Aktif,58.79,101,-2.73,36.4
TRS-00187,Daire,Kiralık,Yeni Mahalle,1+1,128,18300,18300,2026-04-28,,Aktif,142.97,111,0.0,47.0
TRS-00188,Müstakil Ev,Kiralık,Akşemsettin,2+1,193,17200,18000,2026-03-24,2026-07-01,Aktif,89.12,146,-4.44,44.4
TRS-00189,Daire,Kiralık,Reşadiye,1+1,214,13000,14000,2026-07-23,2026-08-06,Aktif,60.75,25,-7.14,15.5
TRS-00190,Daire,Kiralık,Şahin,1+1,183,14200,15000,2026-07-12,2026-07-17,Aktif,77.6,36,-5.33,17.3
TRS-00191,Daire,Kiralık,Reşadiye,4+1,96,9500,9000,2026-06-01,2026-06-13,Aktif,98.96,77,5.56,25.7
TRS-00192,Daire,Satılık,Eski Yol,3+1,149,3317000,3654000,2026-05-02,2026-05-20,Aktif,22261.74,107,-9.22,44.9
TRS-00193,Ofis,Satılık,Akşemsettin,3+0,43,1241000,1155000,2026-04-04,2026-05-29,Aktif,28860.47,135,7.45,40.0
TRS-00194,Daire,Satılık,Bahçe,1+1,103,2948000,2948000,2026-05-01,,Aktif,28621.36,108,0.0,46.0
TRS-00195,Daire,Kiralık,Bahçe,2+1,70,7100,7100,2026-03-26,,Aktif,101.43,144,0.0,50.0
TRS-00196,Daire,Kiralık,Kızılmurat,4+1,99,9800,9000,2026-05-21,2026-05-22,Aktif,98.99,88,8.89,29.3
TRS-00197,Daire,Satılık,Akşemsettin,3+1,118,3330000,3185000,2026-06-20,2026-07-28,Aktif,28220.34,58,4.55,19.3
TRS-00198,Daire,Kiralık,Kızılmurat,3+1,198,14000,13000,2026-03-23,2026-06-29,Aktif,70.71,147,7.69,40.0
TRS-00199,Ofis,Satılık,Yeşil Mahalle,1+0,104,2595000,2595000,2026-07-27,,Aktif,24951.92,21,0.0,17.0
TRS-00200,Daire,Kiralık,Kızılmurat,2+1,109,10400,11000,2026-06-08,2026-07-13,Aktif,95.41,70,-5.45,28.8
TRS-00201,Daire,Satılık,Eski Yol,2+1,190,4180000,4180000,2026-08-03,,Aktif,22000.0,14,0.0,14.7
TRS-00202,Müstakil Ev,Satılık,Yeşil Mahalle,3+1,274,5835000,6665000,2026-03-29,2026-07-27,Aktif,21295.62,141,-12.45,52.4
TRS-00203,Daire,Satılık,Kızılmurat,3+1,128,2796000,2958000,2026-08-01,2026-08-14,Aktif,21843.75,16,-5.48,10.8
TRS-00204,Dükkan,Satılık,Yeni Mahalle,1+0,146,6718000,6146000,2026-08-07,2026-08-10,Aktif,46013.7,10,9.31,3.3
TRS-00205,Dükkan,Satılık,Akşemsettin,3+0,116,3821000,3821000,2026-05-23,,Aktif,32939.66,86,0.0,38.7
TRS-00206,Daire,Satılık,Reşadiye,4+1,184,3827000,3827000,2026-07-19,,Aktif,20798.91,29,0.0,19.7
TRS-00207,Daire,Satılık,Kızılmurat,3+1,58,1503000,1703000,2026-03-24,2026-07-23,Aktif,25913.79,146,-11.74,51.7
TRS-00208,Villa,Kiralık,Mithatpaşa,4+1,182,18800,20000,2026-06-30,2026-07-17,Aktif,103.3,48,-6.0,22.0
TRS-00209,Daire,Kiralık,Akşemsettin,3+1,123,10300,10300,2026-03-23,,Aktif,83.74,147,0.0,50.0
TRS-00210,Daire,Satılık,Yeşil Mahalle,4+1,85,2034000,2251000,2026-05-05,2026-07-08,Aktif,23929.41,104,-9.64,44.3
TRS-00211,Daire,Satılık,Akşemsettin,2+1,111,3049000,3397000,2026-04-22,2026-05-31,Aktif,27468.47,117,-10.24,49.2
TRS-00212,Müstakil Ev,Satılık,Kızılmurat,3+1,295,7383000,8072000,2026-03-17,2026-08-06,Aktif,25027.12,153,-8.54,48.5
TRS-00213,Daire,Satılık,Yeşil Mahalle,2+1,70,1838000,1838000,2026-07-09,,Aktif,26257.14,39,0.0,23.0
TRS-00214,Daire,Satılık,Reşadiye,4+1,204,3958000,4321000,2026-04-08,2026-08-09,Aktif,19401.96,131,-8.4,48.4
TRS-00215,Daire,Kiralık,Kızılmurat,1+1,133,10100,11000,2026-08-16,2026-08-16,Aktif,75.94,1,-8.18,8.5
TRS-00216,Daire,Satılık,Gaziler,4+1,72,2096000,2096000,2026-05-04,,Aktif,29111.11,105,0.0,45.0
TRS-00217,Müstakil Ev,Kiralık,Şahin,5+1,195,19900,19000,2026-05-12,2026-05-21,Aktif,102.05,97,4.74,32.3
TRS-00218,Daire,Kiralık,Şahin,2+1,85,11400,11000,2026-05-08,2026-07-19,Aktif,134.12,101,3.64,33.7
TRS-00219,Daire,Kiralık,Akşemsettin,4+1,191,21400,24000,2026-06-14,2026-07-28,Aktif,112.04,64,-10.83,32.2
TRS-00220,Daire,Kiralık,Gaziler,1+1,212,21400,21400,2026-07-30,,Aktif,100.94,18,0.0,16.0
TRS-00221,Daire,Satılık,Yeni Mahalle,1+1,117,3941000,3565000,2026-06-18,2026-06-29,Aktif,33683.76,60,10.55,20.0
TRS-00222,Ofis,Satılık,Reşadiye,2+0,177,4302000,4505000,2026-02-25,2026-07-17,Aktif,24305.08,173,-4.51,44.5
TRS-00223,Daire,Kiralık,Reşadiye,1+1,125,9900,11000,2026-03-18,2026-07-25,Aktif,79.2,152,-10.0,50.0
TRS-00224,Daire,Kiralık,Kızılmurat,4+1,219,20500,22000,2026-05-27,2026-06-25,Aktif,93.61,82,-6.82,34.2
TRS-00225,Daire,Satılık,Reşadiye,2+1,131,3262000,3412000,2026-08-02,2026-08-10,Aktif,24900.76,15,-4.4,9.4
TRS-00226,Daire,Kiralık,Bahçe,1+1,220,27200,27200,2026-05-14,,Aktif,123.64,95,0.0,41.7
TRS-00227,Daire,Kiralık,Bahçe,1+1,209,25300,24000,2026-06-29,2026-07-10,Aktif,121.05,49,5.42,16.3
TRS-00228,Daire,Kiralık,Kızılmurat,1+1,132,8900,9000,2026-06-29,2026-08-09,Aktif,67.42,49,-1.11,17.4
TRS-00229,Daire,Satılık,Bahçe,2+1,156,4638000,4949000,2026-06-05,2026-06-09,Aktif,29730.77,73,-6.28,30.6
TRS-00230,Daire,Kiralık,Yeşil Mahalle,1+1,174,17900,17000,2026-04-18,2026-07-07,Aktif,102.87,121,5.29,40.0
TRS-00231,Daire,Satılık,Mithatpaşa,1+1,92,2122000,2236000,2026-03-20,2026-06-24,Aktif,23065.22,150,-5.1,45.1
TRS-00232,Daire,Satılık,Bahçe,3+1,182,4876000,4568000,2026-04-13,2026-05-26,Aktif,26791.21,126,6.74,40.0
TRS-00233,Daire,Kiralık,Yeşil Mahalle,1+1,102,9000,8000,2026-07-28,2026-08-15,Aktif,88.24,20,12.5,6.7
TRS-00234,Daire,Satılık,Bahçe,2+1,57,1668000,1668000,2026-05-13,,Aktif,29263.16,96,0.0,42.0
TRS-00235,Dükkan,Kiralık,Eski Yol,1+0,44,3700,3700,2026-05-03,,Aktif,84.09,106,0.0,45.3
TRS-00236,Müstakil Ev,Kiralık,Reşadiye,5+1,104,9400,9400,2026-07-02,,Aktif,90.38,46,0.0,25.3
TRS-00237,Daire,Satılık,Gaziler,3+1,104,3991000,4305000,2026-06-09,2026-08-06,Aktif,38375.0,69,-7.29,30.3
TRS-00238,Daire,Satılık,Eski Yol,1+1,131,2897000,3115000,2026-03-03,2026-08-05,Aktif,22114.5,167,-7.0,47.0
TRS-00239,Daire,Satılık,Kızılmurat,1+1,98,2310000,2617000,2026-04-27,2026-07-05,Aktif,23571.43,112,-11.73,49.1
TRS-00240,Dükkan,Satılık,Gaziler,1+0,98,4439000,5064000,2026-02-20,2026-06-17,Aktif,45295.92,178,-12.34,52.3
TRS-00241,Dükkan,Satılık,Akşemsettin,2+0,85,2258000,2180000,2026-06-24,2026-06-29,Aktif,26564.71,54,3.58,18.0
TRS-00242,Daire,Satılık,Gaziler,4+1,200,7348000,7348000,2026-03-31,,Aktif,36740.0,139,0.0,50.0
TRS-00243,Müstakil Ev,Satılık,Şahin,4+1,228,5943000,5943000,2026-04-27,,Aktif,26065.79,112,0.0,47.3
TRS-00244,Daire,Kiralık,Gaziler,1+1,138,17600,19000,2026-04-23,2026-07-02,Aktif,127.54,116,-7.37,46.0
TRS-00245,Daire,Kiralık,Şahin,3+1,76,9300,9300,2026-07-29,,Aktif,122.37,19,0.0,16.3
TRS-00246,Daire,Satılık,Şahin,3+1,154,4510000,4510000,2026-07-24,,Aktif,29285.71,24,0.0,18.0
TRS-00247,Daire,Kiralık,Akşemsettin,2+1,81,5800,6000,2026-04-28,2026-06-06,Aktif,71.6,111,-3.33,40.3
TRS-00248,Daire,Satılık,Gaziler,3+1,207,8062000,8062000,2026-08-13,,Aktif,38946.86,4,0.0,11.3
TRS-00249,Müstakil Ev,Satılık,Mithatpaşa,3+1,246,6569000,6569000,2026-07-04,,Aktif,26703.25,44,0.0,24.7
TRS-00250,Daire,Satılık,Akşemsettin,2+1,71,1921000,1921000,2026-05-01,,Aktif,27056.34,108,0.0,46.0
TRS-00251,Daire,Satılık,Gaziler,4+1,215,7687000,8793000,2026-06-27,2026-08-08,Aktif,35753.49,51,-12.58,29.6
TRS-00252,Villa,Kiralık,Yeşil Mahalle,4+1,365,33900,31000,2026-04-28,2026-05-25,Aktif,92.88,111,9.35,37.0
TRS-00253,Daire,Satılık,Yeşil Mahalle,3+1,177,4036000,3837000,2026-05-07,2026-07-10,Aktif,22802.26,102,5.19,34.0
TRS-00254,Müstakil Ev,Kiralık,Eski Yol,4+1,196,16600,19000,2026-05-08,2026-06-05,Aktif,84.69,101,-12.63,46.3
TRS-00255,Daire,Satılık,Şahin,2+1,173,5208000,5019000,2026-06-03,2026-08-08,Aktif,30104.05,75,3.77,25.0
TRS-00256,Daire,Satılık,Mithatpaşa,3+1,217,4969000,4969000,2026-03-01,,Aktif,22898.62,169,0.0,50.0
TRS-00257,Müstakil Ev,Satılık,Mithatpaşa,5+1,214,5525000,5715000,2026-04-02,2026-05-20,Aktif,25817.76,137,-3.32,43.3
TRS-00258,Müstakil Ev,Satılık,Yeşil Mahalle,3+1,127,3430000,3430000,2026-05-18,,Aktif,27007.87,91,0.0,40.3
TRS-00259,Daire,Kiralık,Eski Yol,4+1,139,7700,7700,2026-07-22,,Aktif,55.4,26,0.0,18.7
TRS-00260,Müstakil Ev,Satılık,Reşadiye,4+1,214,4646000,5342000,2026-02-24,2026-06-13,Aktif,21710.28,174,-13.03,53.0
TRS-00261,Daire,Kiralık,Kızılmurat,1+1,76,7300,7300,2026-07-11,,Aktif,96.05,37,0.0,22.3
TRS-00262,Daire,Satılık,Yeşil Mahalle,4+1,188,4568000,4742000,2026-07-23,2026-07-25,Aktif,24297.87,25,-3.67,12.0
TRS-00263,Villa,Satılık,Yeni Mahalle,4+1,165,6645000,7284000,2026-02-24,2026-07-16,Aktif,40272.73,174,-8.77,48.8
TRS-00264,Daire,Kiralık,Yeşil Mahalle,4+1,114,10700,12000,2026-06-30,2026-07-20,Aktif,93.86,48,-10.83,26.8
TRS-00265,Daire,Kiralık,Bahçe,1+1,154,17200,17200,2026-06-25,,Aktif,111.69,53,0.0,27.7
TRS-00266,Daire,Satılık,Gaziler,3+1,148,4597000,4597000,2026-07-18,,Aktif,31060.81,30,0.0,20.0
TRS-00267,Daire,Kiralık,Kızılmurat,4+1,207,17700,17700,2026-03-19,,Aktif,85.51,151,0.0,50.0
TRS-00268,Villa,Satılık,Yeşil Mahalle,5+1,368,11103000,11615000,2026-06-01,2026-06-02,Aktif,30171.2,77,-4.41,30.1
TRS-00269,Daire,Satılık,Gaziler,3+1,101,3730000,4014000,2026-04-08,2026-06-01,Aktif,36930.69,131,-7.08,47.1
TRS-00270,Daire,Satılık,Şahin,2+1,197,6036000,6036000,2026-07-12,,Aktif,30639.59,36,0.0,22.0
TRS-00271,Daire,Kiralık,Kızılmurat,4+1,57,3600,4000,2026-05-10,2026-06-13,Aktif,63.16,99,-10.0,43.0
TRS-00272,Daire,Kiralık,Kızılmurat,2+1,180,11000,12000,2026-08-09,2026-08-13,Aktif,61.11,8,-8.33,11.0
TRS-00273,Daire,Kiralık,Reşadiye,4+1,199,15800,15000,2026-07-19,2026-08-08,Aktif,79.4,29,5.33,9.7
TRS-00274,Daire,Satılık,Yeşil Mahalle,2+1,167,4995000,4614000,2026-07-21,2026-07-27,Aktif,29910.18,27,8.26,9.0
TRS-00275,Daire,Kiralık,Yeni Mahalle,4+1,77,11100,12000,2026-07-17,2026-08-09,Aktif,144.16,31,-7.5,17.8
TRS-00276,Dükkan,Kiralık,Yeşil Mahalle,3+0,82,6600,7000,2026-06-25,2026-06-26,Aktif,80.49,53,-5.71,23.4
TRS-00277,Daire,Satılık,Akşemsettin,3+1,137,3519000,3358000,2026-06-09,2026-06-12,Aktif,25686.13,69,4.79,23.0
TRS-00278,Daire,Kiralık,Gaziler,3+1,70,10000,11000,2026-07-15,2026-08-08,Aktif,142.86,33,-9.09,20.1
TRS-00279,Müstakil Ev,Kiralık,Bahçe,3+1,225,23400,26000,2026-06-09,2026-06-29,Aktif,104.0,69,-10.0,33.0
TRS-00280,Daire,Kiralık,Gaziler,4+1,149,22200,21000,2026-05-25,2026-08-05,Aktif,148.99,84,5.71,28.0
TRS-00281,Dükkan,Kiralık,Yeşil Mahalle,2+0,95,11300,11300,2026-04-12,,Aktif,118.95,127,0.0,50.0
TRS-00282,Daire,Satılık,Akşemsettin,4+1,199,6049000,6799000,2026-02-23,2026-08-11,Aktif,30396.98,175,-11.03,51.0
TRS-00283,Daire,Satılık,Kızılmurat,4+1,167,3266000,3266000,2026-04-29,,Aktif,19556.89,110,0.0,46.7
TRS-00284,Dükkan,Kiralık,Şahin,2+0,80,7400,7400,2026-05-16,,Aktif,92.5,93,0.0,41.0
TRS-00285,Daire,Satılık,Yeşil Mahalle,4+1,68,1817000,2025000,2026-02-18,2026-06-23,Aktif,26720.59,180,-10.27,50.3
TRS-00286,Daire,Satılık,Yeni Mahalle,2+1,88,3087000,3087000,2026-04-25,,Aktif,35079.55,114,0.0,48.0
TRS-00287,Villa,Kiralık,Yeşil Mahalle,3+1,337,32000,29000,2026-06-19,2026-07-01,Aktif,94.96,59,10.34,19.7
TRS-00288,Dükkan,Satılık,Yeşil Mahalle,1+0,137,4232000,4232000,2026-02-24,,Aktif,30890.51,174,0.0,50.0
TRS-00289,Daire,Satılık,Reşadiye,3+1,167,4052000,4389000,2026-03-09,2026-06-25,Aktif,24263.47,161,-7.68,47.7
TRS-00290,Daire,Satılık,Bahçe,1+1,90,2710000,2837000,2026-05-10,2026-06-23,Aktif,30111.11,99,-4.48,37.5
TRS-00291,Daire,Satılık,Akşemsettin,3+1,196,5941000,5941000,2026-02-21,,Aktif,30311.22,177,0.0,50.0
TRS-00292,Daire,Satılık,Akşemsettin,3+1,155,4504000,4984000,2026-06-16,2026-08-09,Aktif,29058.06,62,-9.63,30.3
TRS-00293,Daire,Satılık,Gaziler,3+1,147,4453000,4994000,2026-03-24,2026-06-08,Aktif,30292.52,146,-10.83,50.8
TRS-00294,Daire,Satılık,Gaziler,3+1,58,1814000,2005000,2026-08-01,2026-08-04,Aktif,31275.86,16,-9.53,14.9
TRS-00295,Müstakil Ev,Kiralık,Reşadiye,5+1,279,16400,18000,2026-04-01,2026-07-28,Aktif,58.78,138,-8.89,48.9
TRS-00296,Dükkan,Satılık,Reşadiye,2+0,177,4419000,4587000,2026-03-07,2026-05-25,Aktif,24966.1,163,-3.66,43.7
TRS-00297,Müstakil Ev,Satılık,Mithatpaşa,3+1,114,2458000,2458000,2026-04-27,,Aktif,21561.4,112,0.0,47.3
TRS-00298,Daire,Kiralık,Eski Yol,1+1,99,5100,5000,2026-07-12,2026-08-06,Aktif,51.52,36,2.0,12.0
TRS-00299,Müstakil Ev,Kiralık,Reşadiye,4+1,142,8600,8000,2026-06-09,2026-08-01,Aktif,60.56,69,7.5,23.0
TRS-00300,Daire,Satılık,Mithatpaşa,1+1,122,3060000,2795000,2026-04-08,2026-06-14,Aktif,25081.97,131,9.48,40.0
TRS-00301,Daire,Satılık,Şahin,1+1,201,5608000,5608000,2026-04-08,,Aktif,27900.5,131,0.0,50.0
TRS-00302,Daire,Kiralık,Yeni Mahalle,4+1,148,21800,25000,2026-07-02,2026-08-14,Aktif,147.3,46,-12.8,28.1
TRS-00303,Daire,Satılık,Mithatpaşa,3+1,161,3727000,4242000,2026-07-28,2026-08-13,Aktif,23149.07,20,-12.14,18.8
TRS-00304,Daire,Satılık,Şahin,1+1,157,5449000,5974000,2026-06-05,2026-07-08,Aktif,34707.01,73,-8.79,33.1
TRS-00305,Daire,Kiralık,Yeni Mahalle,3+1,199,26900,26000,2026-06-15,2026-07-10,Aktif,135.18,63,3.46,21.0
TRS-00306,Müstakil Ev,Satılık,Bahçe,2+1,138,4627000,4627000,2026-08-10,,Aktif,33528.99,7,0.0,12.3
TRS-00307,Daire,Satılık,Yeşil Mahalle,1+1,140,3905000,4270000,2026-05-12,2026-07-08,Aktif,27892.86,97,-8.55,40.9
TRS-00308,Daire,Satılık,Bahçe,3+1,91,2289000,2604000,2026-06-18,2026-07-14,Aktif,25153.85,60,-12.1,32.1
TRS-00309,Ofis,Satılık,Kızılmurat,1+0,178,4414000,4579000,2026-03-06,2026-08-07,Aktif,24797.75,164,-3.6,43.6
TRS-00310,Daire,Kiralık,Şahin,4+1,135,15800,15800,2026-05-25,,Aktif,117.04,84,0.0,38.0
TRS-00311,Daire,Satılık,Akşemsettin,1+1,89,2173000,2378000,2026-07-05,2026-07-27,Aktif,24415.73,43,-8.62,23.0
TRS-00312,Daire,Kiralık,Bahçe,1+1,122,9300,9300,2026-02-22,,Aktif,76.23,176,0.0,50.0
TRS-00313,Daire,Kiralık,Eski Yol,1+1,92,7400,8000,2026-05-17,2026-08-10,Aktif,80.43,92,-7.5,38.2
TRS-00314,Daire,Kiralık,Şahin,2+1,170,13700,14000,2026-07-21,2026-08-12,Aktif,80.59,27,-2.14,11.1
TRS-00315,Daire,Kiralık,Bahçe,1+1,150,15700,16000,2026-06-11,2026-08-07,Aktif,104.67,67,-1.88,24.2
TRS-00316,Villa,Satılık,Kızılmurat,4+1,391,8833000,8833000,2026-04-20,,Aktif,22590.79,119,0.0,49.7
TRS-00317,Daire,Kiralık,Eski Yol,1+1,182,12200,12200,2026-04-29,,Aktif,67.03,110,0.0,46.7
TRS-00318,Dükkan,Kiralık,Bahçe,2+0,111,15500,17000,2026-08-08,2026-08-13,Aktif,139.64,9,-8.82,11.8
TRS-00319,Daire,Satılık,Reşadiye,4+1,126,2489000,2752000,2026-06-26,2026-06-26,Aktif,19753.97,52,-9.56,26.9
TRS-00320,Müstakil Ev,Kiralık,Reşadiye,4+1,300,22800,22800,2026-04-14,,Aktif,76.0,125,0.0,50.0
TRS-00321,Daire,Kiralık,Eski Yol,2+1,124,6500,6500,2026-03-17,,Aktif,52.42,153,0.0,50.0
TRS-00322,Daire,Kiralık,Akşemsettin,3+1,190,20700,22000,2026-06-18,2026-08-10,Aktif,108.95,60,-5.91,25.9
TRS-00323,Villa,Satılık,Reşadiye,3+1,355,9033000,9946000,2026-05-09,2026-07-25,Aktif,25445.07,100,-9.18,42.5
TRS-00324,Dükkan,Satılık,Yeşil Mahalle,3+0,220,6155000,5951000,2026-03-24,2026-06-05,Aktif,27977.27,146,3.43,40.0
TRS-00325,Daire,Satılık,Kızılmurat,1+1,180,3650000,3760000,2026-06-18,2026-08-15,Aktif,20277.78,60,-2.93,22.9
TRS-00326,Daire,Satılık,Eski Yol,2+1,142,3410000,3410000,2026-05-26,,Aktif,24014.08,83,0.0,37.7
TRS-00327,Daire,Satılık,Şahin,3+1,83,2954000,3078000,2026-05-13,2026-05-24,Aktif,35590.36,96,-4.03,36.0
TRS-00328,Daire,Satılık,Akşemsettin,4+1,166,4828000,5511000,2026-07-03,2026-07-12,Aktif,29084.34,45,-12.39,27.4
TRS-00329,Daire,Satılık,Yeşil Mahalle,3+1,151,4179000,4179000,2026-06-02,,Aktif,27675.5,76,0.0,35.3
TRS-00330,Dükkan,Kiralık,Yeni Mahalle,3+0,237,23800,23800,2026-03-15,,Aktif,100.42,155,0.0,50.0
TRS-00331,Daire,Satılık,Eski Yol,2+1,182,3604000,3604000,2026-07-28,,Aktif,19802.2,20,0.0,16.7
TRS-00332,Daire,Satılık,Yeşil Mahalle,3+1,218,5484000,5484000,2026-06-10,,Aktif,25155.96,68,0.0,32.7
TRS-00333,Daire,Satılık,Gaziler,1+1,55,1831000,1969000,2026-05-01,2026-06-25,Aktif,33290.91,108,-7.01,43.0
TRS-00334,Daire,Kiralık,Reşadiye,2+1,202,12600,13000,2026-07-29,2026-08-15,Aktif,62.38,19,-3.08,9.4
TRS-00335,Daire,Satılık,Gaziler,2+1,151,5646000,6483000,2026-03-29,2026-08-05,Aktif,37390.73,141,-12.91,52.9
TRS-00336,Müstakil Ev,Kiralık,Kızılmurat,3+1,267,22800,22800,2026-04-27,,Aktif,85.39,112,0.0,47.3
TRS-00337,Daire,Satılık,Gaziler,3+1,159,5811000,5811000,2026-06-01,,Aktif,36547.17,77,0.0,35.7
TRS-00338,Daire,Kiralık,Yeni Mahalle,1+1,94,10300,10300,2026-04-29,,Aktif,109.57,110,0.0,46.7
TRS-00339,Daire,Satılık,Eski Yol,2+1,61,1138000,1052000,2026-06-03,2026-06-17,Aktif,18655.74,75,8.17,25.0
TRS-00340,Daire,Kiralık,Mithatpaşa,4+1,78,5500,6000,2026-05-11,2026-06-20,Aktif,70.51,98,-8.33,41.0
TRS-00341,Daire,Kiralık,Akşemsettin,1+1,199,15100,17000,2026-02-19,2026-08-06,Aktif,75.88,179,-11.18,51.2
TRS-00342,Ofis,Satılık,Mithatpaşa,1+0,171,5034000,5751000,2026-04-05,2026-06-09,Aktif,29438.6,134,-12.47,52.5
TRS-00343,Dükkan,Kiralık,Eski Yol,1+0,116,9000,9000,2026-08-08,2026-08-08,Aktif,77.59,9,0.0,3.0
TRS-00344,Daire,Kiralık,Eski Yol,2+1,99,9000,9000,2026-06-28,,Aktif,90.91,50,0.0,26.7
TRS-00345,Daire,Kiralık,Mithatpaşa,2+1,106,10800,10800,2026-06-11,,Aktif,101.89,67,0.0,32.3
TRS-00346,Daire,Kiralık,Gaziler,3+1,196,27900,27000,2026-04-05,2026-08-15,Aktif,142.35,134,3.33,40.0
TRS-00347,Müstakil Ev,Satılık,Reşadiye,3+1,206,4087000,3862000,2026-03-19,2026-08-04,Aktif,19839.81,151,5.83,40.0
TRS-00348,Müstakil Ev,Kiralık,Gaziler,4+1,205,22600,24000,2026-04-14,2026-06-17,Aktif,110.24,125,-5.83,45.8
TRS-00349,Daire,Kiralık,Şahin,4+1,64,8200,8000,2026-05-24,2026-08-10,Aktif,128.12,85,2.5,28.3
TRS-00350,Daire,Kiralık,Yeşil Mahalle,3+1,134,14000,16000,2026-02-19,2026-07-18,Aktif,104.48,179,-12.5,52.5
TRS-00351,Müstakil Ev,Kiralık,Kızılmurat,5+1,168,14300,14300,2026-07-25,,Aktif,85.12,23,0.0,17.7
TRS-00352,Dükkan,Kiralık,Bahçe,2+0,229,30200,27000,2026-05-13,2026-06-12,Aktif,131.88,96,11.85,32.0
TRS-00353,Daire,Satılık,Reşadiye,2+1,99,2518000,2609000,2026-06-26,2026-08-01,Aktif,25434.34,52,-3.49,20.8
TRS-00354,Müstakil Ev,Kiralık,Yeşil Mahalle,5+1,194,17000,18000,2026-03-07,2026-05-21,Aktif,87.63,163,-5.56,45.6
TRS-00355,Daire,Kiralık,Eski Yol,3+1,205,13400,14000,2026-06-11,2026-08-05,Aktif,65.37,67,-4.29,26.6
TRS-00356,Dükkan,Satılık,Şahin,3+0,96,3076000,3076000,2026-06-25,,Aktif,32041.67,53,0.0,27.7
TRS-00357,Daire,Satılık,Mithatpaşa,2+1,176,4642000,5230000,2026-03-16,2026-07-19,Aktif,26375.0,154,-11.24,51.2
TRS-00358,Müstakil Ev,Kiralık,Akşemsettin,5+1,208,23600,23600,2026-04-21,,Aktif,113.46,118,0.0,49.3
TRS-00359,Daire,Kiralık,Kızılmurat,1+1,204,11800,13000,2026-02-28,2026-06-30,Aktif,57.84,170,-9.23,49.2
TRS-00360,Daire,Satılık,Akşemsettin,1+1,178,4651000,5187000,2026-06-07,2026-07-12,Aktif,26129.21,71,-10.33,34.0
TRS-00361,Daire,Satılık,Akşemsettin,4+1,69,2014000,2014000,2026-02-23,,Aktif,29188.41,175,0.0,50.0
TRS-00362,Daire,Kiralık,Yeni Mahalle,4+1,121,13600,13000,2026-08-07,2026-08-07,Aktif,112.4,10,4.62,3.3
TRS-00363,Daire,Kiralık,Bahçe,3+1,146,17400,19000,2026-03-01,2026-07-24,Aktif,119.18,169,-8.42,48.4
TRS-00364,Müstakil Ev,Satılık,Akşemsettin,4+1,274,7983000,7453000,2026-06-21,2026-06-30,Aktif,29135.04,57,7.11,19.0
TRS-00365,Daire,Kiralık,Yeşil Mahalle,1+1,173,14900,17000,2026-03-07,2026-05-29,Aktif,86.13,163,-12.35,52.4
TRS-00366,Daire,Kiralık,Reşadiye,3+1,190,13900,13900,2026-07-09,,Aktif,73.16,39,0.0,23.0
TRS-00367,Daire,Kiralık,Bahçe,3+1,91,11000,13000,2026-07-01,2026-07-16,Aktif,120.88,47,-15.38,31.0
TRS-00368,Daire,Satılık,Yeşil Mahalle,3+1,170,3924000,4401000,2026-07-04,2026-08-06,Aktif,23082.35,44,-10.84,25.5
TRS-00369,Daire,Kiralık,Gaziler,4+1,217,24300,27000,2026-04-16,2026-08-12,Aktif,111.98,123,-10.0,50.0
TRS-00370,Dükkan,Satılık,Yeni Mahalle,3+0,44,1465000,1465000,2026-06-14,,Aktif,33295.45,64,0.0,31.3
TRS-00371,Daire,Satılık,Yeşil Mahalle,3+1,153,3475000,3475000,2026-08-05,,Aktif,22712.42,12,0.0,14.0
TRS-00372,Daire,Kiralık,Akşemsettin,2+1,166,14300,16000,2026-04-13,2026-07-23,Aktif,86.14,126,-10.62,50.6
TRS-00373,Daire,Satılık,Mithatpaşa,2+1,88,2387000,2645000,2026-03-19,2026-08-01,Aktif,27125.0,151,-9.75,49.8
TRS-00374,Daire,Kiralık,Yeni Mahalle,1+1,191,23900,22000,2026-08-04,2026-08-06,Aktif,125.13,13,8.64,4.3
TRS-00375,Daire,Kiralık,Gaziler,3+1,86,10000,10000,2026-07-08,,Aktif,116.28,40,0.0,23.3
TRS-00376,Daire,Satılık,Yeni Mahalle,3+1,188,6827000,6827000,2026-02-18,,Aktif,36313.83,180,0.0,50.0
TRS-00377,Daire,Satılık,Gaziler,1+1,127,4828000,4828000,2026-04-11,,Aktif,38015.75,128,0.0,50.0
TRS-00378,Müstakil Ev,Satılık,Bahçe,5+1,191,5190000,5645000,2026-08-06,2026-08-13,Aktif,27172.77,11,-8.06,11.7
TRS-00379,Daire,Satılık,Bahçe,4+1,83,2134000,1938000,2026-07-24,2026-08-14,Aktif,25710.84,24,10.11,8.0
TRS-00380,Daire,Kiralık,Akşemsettin,3+1,130,12000,11000,2026-07-22,2026-08-15,Aktif,92.31,26,9.09,8.7
TRS-00381,Daire,Satılık,Yeşil Mahalle,1+1,79,1685000,1916000,2026-07-12,2026-08-06,Aktif,21329.11,36,-12.06,24.1
TRS-00382,Daire,Satılık,Eski Yol,3+1,150,2811000,3025000,2026-05-06,2026-06-19,Aktif,18740.0,103,-7.07,41.4
TRS-00383,Müstakil Ev,Satılık,Kızılmurat,3+1,128,3220000,3669000,2026-08-01,2026-08-11,Aktif,25156.25,16,-12.24,17.6
TRS-00384,Villa,Kiralık,Kızılmurat,5+1,206,17000,16000,2026-05-17,2026-05-21,Aktif,82.52,92,6.25,30.7
TRS-00385,Daire,Kiralık,Şahin,4+1,83,8400,8400,2026-07-31,,Aktif,101.2,17,0.0,15.7
TRS-00386,Daire,Satılık,Yeşil Mahalle,1+1,141,3530000,3986000,2026-06-14,2026-06-28,Aktif,25035.46,64,-11.44,32.8
TRS-00387,Daire,Satılık,Eski Yol,4+1,184,4331000,4331000,2026-07-05,,Aktif,23538.04,43,0.0,24.3
TRS-00388,Daire,Kiralık,Kızılmurat,1+1,126,10200,9000,2026-03-29,2026-06-26,Aktif,80.95,141,13.33,40.0
TRS-00389,Villa,Kiralık,Kızılmurat,4+1,182,15600,16000,2026-07-17,2026-07-24,Aktif,85.71,31,-2.5,12.8
TRS-00390,Daire,Satılık,Mithatpaşa,3+1,78,2220000,2220000,2026-03-26,,Aktif,28461.54,144,0.0,50.0
TRS-00391,Ofis,Kiralık,Kızılmurat,1+0,43,4300,5000,2026-05-24,2026-05-29,Aktif,100.0,85,-14.0,42.3
TRS-00392,Müstakil Ev,Satılık,Yeşil Mahalle,3+1,124,2637000,2834000,2026-05-18,2026-07-10,Aktif,21266.13,91,-6.95,37.3
TRS-00393,Daire,Satılık,Gaziler,2+1,181,6960000,6960000,2026-05-04,,Aktif,38453.04,105,0.0,45.0
TRS-00394,Daire,Satılık,Eski Yol,2+1,155,3209000,2900000,2026-06-29,2026-08-10,Aktif,20703.23,49,10.66,16.3
TRS-00395,Daire,Kiralık,Eski Yol,2+1,172,15600,17000,2026-08-15,2026-08-16,Aktif,90.7,2,-8.24,8.9
TRS-00396,Daire,Satılık,Eski Yol,2+1,203,4601000,4601000,2026-07-15,,Aktif,22665.02,33,0.0,21.0
TRS-00397,Daire,Kiralık,Eski Yol,4+1,184,12600,14000,2026-03-14,2026-07-16,Aktif,68.48,156,-10.0,50.0
TRS-00398,Daire,Satılık,Akşemsettin,4+1,90,2578000,2578000,2026-04-07,,Aktif,28644.44,132,0.0,50.0
TRS-00399,Dükkan,Satılık,Reşadiye,1+0,91,2460000,2342000,2026-06-03,2026-07-31,Aktif,27032.97,75,5.04,25.0
TRS-00400,Daire,Kiralık,Şahin,3+1,84,9100,9000,2026-03-20,2026-05-23,Aktif,108.33,150,1.11,40.0
TRS-00401,Daire,Kiralık,Reşadiye,1+1,58,3300,3300,2026-07-10,,Aktif,56.9,38,0.0,22.7
TRS-00402,Daire,Satılık,Yeni Mahalle,3+1,128,3922000,4294000,2026-08-01,2026-08-07,Aktif,30640.62,16,-8.66,14.0
TRS-00403,Villa,Satılık,Yeşil Mahalle,5+1,317,9666000,10549000,2026-06-20,2026-07-12,Aktif,30492.11,58,-8.37,27.7
TRS-00404,Daire,Satılık,Akşemsettin,4+1,152,4087000,4087000,2026-02-22,,Aktif,26888.16,176,0.0,50.0
TRS-00405,Daire,Kiralık,Reşadiye,4+1,106,9700,11000,2026-03-07,2026-05-26,Aktif,91.51,163,-11.82,51.8
TRS-00406,Daire,Satılık,Eski Yol,4+1,130,2431000,2431000,2026-02-23,,Aktif,18700.0,175,0.0,50.0
TRS-00407,Müstakil Ev,Satılık,Şahin,2+1,196,5880000,5880000,2026-03-27,,Aktif,30000.0,143,0.0,50.0
TRS-00408,Daire,Kiralık,Şahin,3+1,56,5800,5800,2026-07-08,,Aktif,103.57,40,0.0,23.3
TRS-00409,Daire,Kiralık,Yeşil Mahalle,3+1,180,11900,13000,2026-05-27,2026-07-24,Aktif,66.11,82,-8.46,35.8
TRS-00410,Daire,Kiralık,Şahin,3+1,78,6900,7000,2026-06-23,2026-07-26,Aktif,88.46,55,-1.43,19.8
TRS-00411,Daire,Satılık,Eski Yol,3+1,84,1732000,1792000,2026-03-05,2026-05-29,Aktif,20619.05,165,-3.35,43.4
TRS-00412,Daire,Satılık,Yeşil Mahalle,3+1,153,3974000,3974000,2026-06-05,,Aktif,25973.86,73,0.0,34.3
TRS-00413,Villa,Kiralık,Reşadiye,5+1,291,23900,23900,2026-08-05,,Aktif,82.13,12,0.0,14.0
TRS-00414,Daire,Satılık,Bahçe,2+1,79,2679000,2975000,2026-04-01,2026-05-28,Aktif,33911.39,138,-9.95,50.0
TRS-00415,Dükkan,Kiralık,Bahçe,1+0,66,7700,9000,2026-02-18,2026-06-22,Aktif,116.67,180,-14.44,54.4
TRS-00416,Daire,Kiralık,Şahin,1+1,64,5100,6000,2026-07-02,2026-07-12,Aktif,79.69,46,-15.0,30.3
TRS-00417,Daire,Kiralık,Akşemsettin,4+1,216,19600,22000,2026-08-12,2026-08-16,Aktif,90.74,5,-10.91,12.6
TRS-00418,Daire,Satılık,Eski Yol,3+1,73,1758000,1758000,2026-07-20,,Aktif,24082.19,28,0.0,19.3
TRS-00419,Daire,Kiralık,Akşemsettin,4+1,167,14800,14800,2026-02-28,,Aktif,88.62,170,0.0,50.0
TRS-00420,Daire,Satılık,Şahin,3+1,155,5515000,5515000,2026-07-11,,Aktif,35580.65,37,0.0,22.3
TRS-00421,Ofis,Satılık,Yeşil Mahalle,3+0,171,4038000,4038000,2026-08-06,,Aktif,23614.04,11,0.0,13.7
TRS-00422,Daire,Satılık,Eski Yol,2+1,133,3032000,3032000,2026-05-20,,Aktif,22796.99,89,0.0,39.7
TRS-00423,Daire,Satılık,Reşadiye,3+1,111,2242000,2171000,2026-07-01,2026-07-11,Aktif,20198.2,47,3.27,15.7
TRS-00424,Daire,Satılık,Reşadiye,1+1,129,2661000,2471000,2026-06-27,2026-07-16,Aktif,20627.91,51,7.69,17.0
TRS-00425,Daire,Satılık,Bahçe,3+1,104,3023000,3169000,2026-05-24,2026-07-08,Aktif,29067.31,85,-4.61,32.9
TRS-00426,Daire,Kiralık,Eski Yol,2+1,164,8400,9000,2026-06-14,2026-06-22,Aktif,51.22,64,-6.67,28.0
TRS-00427,Dükkan,Kiralık,Yeşil Mahalle,2+0,154,17900,19000,2026-04-14,2026-07-25,Aktif,116.23,125,-5.79,45.8
TRS-00428,Dükkan,Satılık,Akşemsettin,1+0,177,5178000,5178000,2026-03-09,,Aktif,29254.24,161,0.0,50.0
TRS-00429,Dükkan,Satılık,Gaziler,3+0,248,10147000,10147000,2026-03-18,,Aktif,40915.32,152,0.0,50.0
TRS-00430,Daire,Kiralık,Yeni Mahalle,3+1,93,10400,11000,2026-03-19,2026-07-10,Aktif,111.83,151,-5.45,45.4
TRS-00431,Daire,Satılık,Gaziler,2+1,116,4372000,4800000,2026-07-12,2026-08-05,Aktif,37689.66,36,-8.92,20.9
TRS-00432,Müstakil Ev,Kiralık,Şahin,2+1,191,16800,16800,2026-04-14,,Aktif,87.96,125,0.0,50.0
TRS-00433,Daire,Satılık,Akşemsettin,3+1,107,2848000,2637000,2026-04-22,2026-08-11,Aktif,26616.82,117,8.0,39.0
TRS-00434,Daire,Kiralık,Reşadiye,2+1,122,8700,8000,2026-05-12,2026-05-25,Aktif,71.31,97,8.75,32.3
TRS-00435,Daire,Satılık,Akşemsettin,4+1,187,4915000,4426000,2026-05-20,2026-06-16,Aktif,26283.42,89,11.05,29.7
TRS-00436,Daire,Satılık,Şahin,3+1,74,2051000,2051000,2026-06-30,,Aktif,27716.22,48,0.0,26.0
TRS-00437,Müstakil Ev,Satılık,Eski Yol,3+1,269,5488000,5968000,2026-05-24,2026-06-16,Aktif,20401.49,85,-8.04,36.4
TRS-00438,Daire,Kiralık,Eski Yol,2+1,60,3200,3000,2026-03-23,2026-07-30,Aktif,53.33,147,6.67,40.0
TRS-00439,Daire,Satılık,Eski Yol,2+1,121,2557000,2903000,2026-05-05,2026-06-05,Aktif,21132.23,104,-11.92,46.6
TRS-00440,Dükkan,Satılık,Akşemsettin,3+0,154,5726000,5726000,2026-04-15,,Aktif,37181.82,124,0.0,50.0
TRS-00441,Daire,Satılık,Mithatpaşa,3+1,214,4764000,4764000,2026-02-22,,Aktif,22261.68,176,0.0,50.0
TRS-00442,Daire,Satılık,Kızılmurat,4+1,113,2560000,2560000,2026-07-20,,Aktif,22654.87,28,0.0,19.3
TRS-00443,Dükkan,Kiralık,Reşadiye,3+0,78,5300,6000,2026-04-17,2026-06-01,Aktif,67.95,122,-11.67,51.7
TRS-00444,Müstakil Ev,Satılık,Reşadiye,3+1,223,5719000,6249000,2026-03-31,2026-05-22,Aktif,25645.74,139,-8.48,48.5
TRS-00445,Dükkan,Kiralık,Yeşil Mahalle,2+0,98,11500,12000,2026-05-11,2026-05-19,Aktif,117.35,98,-4.17,36.8
TRS-00446,Daire,Satılık,Akşemsettin,3+1,76,2174000,2433000,2026-03-30,2026-07-23,Aktif,28605.26,140,-10.65,50.6
TRS-00447,Daire,Satılık,Yeni Mahalle,1+1,188,6272000,6540000,2026-06-25,2026-07-27,Aktif,33361.7,53,-4.1,21.8
TRS-00448,Daire,Kiralık,Mithatpaşa,4+1,121,10800,10800,2026-03-13,,Aktif,89.26,157,0.0,50.0
TRS-00449,Müstakil Ev,Kiralık,Mithatpaşa,5+1,241,16900,16000,2026-03-26,2026-07-15,Aktif,70.12,144,5.62,40.0
TRS-00450,Müstakil Ev,Satılık,Mithatpaşa,3+1,291,7174000,7734000,2026-02-18,2026-08-04,Aktif,24652.92,180,-7.24,47.2
TRS-00451,Villa,Satılık,Yeşil Mahalle,4+1,201,6564000,7234000,2026-08-15,2026-08-16,Aktif,32656.72,2,-9.26,9.9
TRS-00452,Daire,Satılık,Gaziler,1+1,149,5354000,5849000,2026-05-10,2026-06-26,Aktif,35932.89,99,-8.46,41.5
TRS-00453,Daire,Satılık,Eski Yol,4+1,218,4485000,4724000,2026-06-26,2026-06-26,Aktif,20573.39,52,-5.06,22.4
TRS-00454,Daire,Satılık,Eski Yol,2+1,212,4719000,4719000,2026-05-16,,Aktif,22259.43,93,0.0,41.0
TRS-00455,Ofis,Satılık,Yeni Mahalle,2+0,100,3476000,3888000,2026-05-07,2026-07-22,Aktif,34760.0,102,-10.6,44.6
TRS-00456,Dükkan,Kiralık,Gaziler,3+0,225,37900,37900,2026-05-19,,Aktif,168.44,90,0.0,40.0
TRS-00457,Daire,Satılık,Akşemsettin,4+1,171,4853000,4853000,2026-06-11,,Aktif,28380.12,67,0.0,32.3
TRS-00458,Daire,Satılık,Reşadiye,3+1,183,3901000,3765000,2026-07-18,2026-08-08,Aktif,21316.94,30,3.61,10.0
TRS-00459,Daire,Kiralık,Eski Yol,4+1,151,12500,14000,2026-05-22,2026-06-19,Aktif,82.78,87,-10.71,39.7
TRS-00460,Daire,Kiralık,Yeni Mahalle,4+1,72,9200,9000,2026-06-21,2026-08-02,Aktif,127.78,57,2.22,19.0
TRS-00461,Daire,Satılık,Yeşil Mahalle,2+1,122,2899000,3310000,2026-05-06,2026-07-04,Aktif,23762.3,103,-12.42,46.8
TRS-00462,Daire,Satılık,Kızılmurat,3+1,201,4225000,4453000,2026-02-23,2026-07-23,Aktif,21019.9,175,-5.12,45.1
TRS-00463,Dükkan,Satılık,Bahçe,1+0,98,3669000,3814000,2026-03-11,2026-08-03,Aktif,37438.78,159,-3.8,43.8
TRS-00464,Daire,Satılık,Kızılmurat,3+1,178,4369000,4104000,2026-04-12,2026-06-04,Aktif,24544.94,127,6.46,40.0
TRS-00465,Daire,Satılık,Reşadiye,2+1,202,3862000,4139000,2026-04-30,2026-06-08,Aktif,19118.81,109,-6.69,43.0
TRS-00466,Daire,Satılık,Şahin,4+1,187,5388000,5388000,2026-08-14,,Aktif,28812.83,3,0.0,11.0
TRS-00467,Daire,Satılık,Bahçe,3+1,138,4187000,4187000,2026-06-11,,Aktif,30340.58,67,0.0,32.3
TRS-00468,Daire,Kiralık,Akşemsettin,3+1,211,18400,17000,2026-04-11,2026-06-24,Aktif,87.2,128,8.24,40.0
TRS-00469,Daire,Satılık,Mithatpaşa,2+1,201,5874000,5874000,2026-02-22,,Aktif,29223.88,176,0.0,50.0
TRS-00470,Müstakil Ev,Satılık,Gaziler,5+1,242,9404000,9404000,2026-06-27,,Aktif,38859.5,51,0.0,27.0
TRS-00471,Daire,Satılık,Şahin,4+1,100,3075000,2841000,2026-03-08,2026-07-07,Aktif,30750.0,162,8.24,40.0
TRS-00472,Dükkan,Satılık,Reşadiye,1+0,141,3894000,3894000,2026-08-01,,Aktif,27617.02,16,0.0,15.3
TRS-00473,Daire,Satılık,Akşemsettin,3+1,170,4319000,4662000,2026-05-16,2026-07-15,Aktif,25405.88,93,-7.36,38.4
TRS-00474,Dükkan,Satılık,Yeşil Mahalle,3+0,187,5793000,5793000,2026-04-01,,Aktif,30978.61,138,0.0,50.0
TRS-00475,Daire,Kiralık,Akşemsettin,1+1,169,14900,14000,2026-06-04,2026-07-29,Aktif,88.17,74,6.43,24.7
TRS-00476,Daire,Kiralık,Yeşil Mahalle,1+1,73,5200,5200,2026-06-19,,Aktif,71.23,59,0.0,29.7
TRS-00477,Müstakil Ev,Kiralık,Akşemsettin,5+1,169,18500,17000,2026-05-16,2026-06-11,Aktif,109.47,93,8.82,31.0
TRS-00478,Dükkan,Satılık,Şahin,1+0,226,8434000,8791000,2026-02-18,2026-07-21,Aktif,37318.58,180,-4.06,44.1
TRS-00479,Dükkan,Kiralık,Gaziler,1+0,180,17900,20000,2026-05-07,2026-08-06,Aktif,99.44,102,-10.5,44.5
TRS-00480,Daire,Kiralık,Gaziler,2+1,134,13600,15000,2026-06-05,2026-07-31,Aktif,101.49,73,-9.33,33.7
TRS-00481,Daire,Kiralık,Yeni Mahalle,4+1,138,16100,18000,2026-03-31,2026-06-07,Aktif,116.67,139,-10.56,50.6
TRS-00482,Daire,Kiralık,Reşadiye,4+1,216,16900,18000,2026-03-06,2026-07-03,Aktif,78.24,164,-6.11,46.1
TRS-00483,Daire,Kiralık,Gaziler,3+1,160,15200,15200,2026-08-14,,Aktif,95.0,3,0.0,11.0
TRS-00484,Daire,Kiralık,Şahin,1+1,191,22200,25000,2026-04-13,2026-06-16,Aktif,116.23,126,-11.2,51.2
TRS-00485,Daire,Satılık,Akşemsettin,3+1,195,4823000,5394000,2026-03-26,2026-07-16,Aktif,24733.33,144,-10.59,50.6
TRS-00486,Villa,Satılık,Mithatpaşa,3+1,227,6104000,5888000,2026-06-16,2026-06-26,Aktif,26889.87,62,3.67,20.7
TRS-00487,Daire,Kiralık,Akşemsettin,2+1,160,18200,18200,2026-07-01,,Aktif,113.75,47,0.0,25.7
TRS-00488,Daire,Kiralık,Gaziler,4+1,124,12100,12100,2026-08-12,,Aktif,97.58,5,0.0,11.7
TRS-00489,Daire,Satılık,Reşadiye,3+1,127,2497000,2576000,2026-04-26,2026-07-18,Aktif,19661.42,113,-3.07,40.7
TRS-00490,Daire,Kiralık,Bahçe,3+1,182,17800,17800,2026-08-08,,Aktif,97.8,9,0.0,13.0
TRS-00491,Daire,Kiralık,Şahin,4+1,73,6300,7000,2026-06-13,2026-08-15,Aktif,86.3,65,-10.0,31.7
TRS-00492,Daire,Kiralık,Bahçe,1+1,118,9700,11000,2026-07-23,2026-08-10,Aktif,82.2,25,-11.82,20.2
TRS-00493,Dükkan,Satılık,Akşemsettin,3+0,201,5397000,5752000,2026-03-29,2026-07-15,Aktif,26850.75,141,-6.17,46.2
TRS-00494,Dükkan,Satılık,Yeşil Mahalle,1+0,68,2095000,2095000,2026-05-25,,Aktif,30808.82,84,0.0,38.0
TRS-00495,Daire,Kiralık,Akşemsettin,1+1,117,14000,15000,2026-03-21,2026-06-17,Aktif,119.66,149,-6.67,46.7
TRS-00496,Daire,Kiralık,Gaziler,3+1,78,11500,11500,2026-03-09,,Aktif,147.44,161,0.0,50.0
TRS-00497,Daire,Satılık,Yeşil Mahalle,4+1,87,2026000,1895000,2026-03-27,2026-07-03,Aktif,23287.36,143,6.91,40.0
TRS-00498,Daire,Kiralık,Bahçe,2+1,146,12500,14000,2026-08-06,2026-08-09,Aktif,85.62,11,-10.71,14.4
TRS-00499,Daire,Satılık,Kızılmurat,3+1,194,4298000,4298000,2026-04-19,,Aktif,22154.64,120,0.0,50.0
TRS-00500,Dükkan,Satılık,Eski Yol,3+0,57,1215000,1252000,2026-06-02,2026-06-08,Aktif,21315.79,76,-2.96,28.3
